<!-- WPML plugin setup                                     -->
<!--                                                       -->
<!-- Adding Customizer fields for plugin to localize them. -->
<!--                                                       -->
<!-- @package    Reykjavik                                 -->
<!-- @copyright  WebMan Design, Oliver Juhas               -->
<!--                                                       -->
<!-- @since    1.0.0                                       -->
<!-- @version  1.0.0                                       -->

<wpml-config>

	<admin-texts>
		<key name="theme_mods_reykjavik">
			<key name="texts_site_info" />
		</key>
	</admin-texts>

	<custom-fields>
		<custom-field action="copy">show_intro_widgets</custom-field>
		<custom-field action="copy">no_intro</custom-field>
		<custom-field action="copy">no_intro_media</custom-field>
		<custom-field action="copy">no_thumbnail</custom-field>
		<custom-field action="copy">content_layout</custom-field>
		<custom-field action="copy">intro_image</custom-field>
	</custom-fields>

</wpml-config>
